" for more information or "," for more information or "
"%1 Item","%1 Item"
"%1 Item(s)","%1 Item(s)"
"%1 Items","%1 Items"
"%1 item in your bag","%1 item in your bag"
"%1 item(s)","%1 item(s)"
"%1 item(s) were found using the following search criteria","%1 item(s) were found using the following search criteria"
"%1 items in your bag","%1 items in your bag"
"%1 of 5 · %2 review(s)","%1 of 5 · %2 review(s)"
"%1 out of 5 stars","%1 out of 5 stars"
"%1 review(s)","%1 review(s)"
"%1 stars","%1 stars"
"%1 will no longer be saved here. You can always add it again.","%1 will no longer be saved here. You can always add it again."
"%1:","%1:"
"%1: to","%1: to"
"-- Please Select --","-- Please Select --"
"A form key — a cookie holding a token that protects form submissions against cross-site request forgery.","A form key — a cookie holding a token that protects form submissions against cross-site request forgery."
"A modern frontend for Magento","A modern frontend for Magento"
"A new way to build Magento frontends","A new way to build Magento frontends"
"A session — Magento issues a session cookie so the cart and any form you submit survive between page loads.","A session — Magento issues a session cookie so the cart and any form you submit survive between page loads."
"A shipping selection is not applicable.","A shipping selection is not applicable."
"A wish list that follows you","A wish list that follows you"
"A wish list that survives the tab","A wish list that survives the tab"
"AM","AM"
"AM/PM","AM/PM"
"About this product","About this product"
"Access your shopping cart on this computer even when not signed in.","Access your shopping cart on this computer even when not signed in."
"Account","Account"
"Account Information","Account Information"
"Actions","Actions"
"Add All to Cart","Add All to Cart"
"Add New Address","Add New Address"
"Add a few products side by side and their differences show up here.","Add a few products side by side and their differences show up here."
"Add an Address","Add an Address"
"Add to Cart","Add to Cart"
"Add to Compare","Add to Compare"
"Add to Wish List","Add to Wish List"
"Add to cart","Add to cart"
"Added to cart","Added to cart"
"Added to your bag","Added to your bag"
"Additional Address Entries","Additional Address Entries"
"Address","Address"
"Address %1 of %2","Address %1 of %2"
"Address Book","Address Book"
"Addresses","Addresses"
"Addresses ready at checkout","Addresses ready at checkout"
"Addresses saved for next time","Addresses saved for next time"
"Adjustment Fee","Adjustment Fee"
"Adjustment Refund","Adjustment Refund"
"Advanced Search","Advanced Search"
"Allow Cookies","Allow Cookies"
"Allowed file types","Allowed file types"
"Already have an account?","Already have an account?"
"An account already exists with this email.","An account already exists with this email."
"An account, if you create one — the name, email and addresses you type into the registration form.","An account, if you create one — the name, email and addresses you type into the registration form."
"Apartment, suite, etc.","Apartment, suite, etc."
"Appearance","Appearance"
"Applied","Applied"
"Apply","Apply"
"Ask for another whenever you need it","Ask for another whenever you need it"
"Assisted session","Assisted session"
"At checkout you can choose to save a card here for next time.","At checkout you can choose to save a card here for next time."
"At least %1 characters","At least %1 characters"
"Back","Back"
"Back to Billing Information","Back to Billing Information"
"Back to My Orders","Back to My Orders"
"Back to My Reviews","Back to My Reviews"
"Back to Order Lookup","Back to Order Lookup"
"Back to Product Reviews","Back to Product Reviews"
"Back to Select Addresses","Back to Select Addresses"
"Back to Shipping Information","Back to Shipping Information"
"Back to Shopping Cart","Back to Shopping Cart"
"Back to Sign In","Back to Sign In"
"Back to bag","Back to bag"
"Bag","Bag"
"Be the first to review this product","Be the first to review this product"
"Because of that, please treat this site as public and temporary: do not enter real personal data, and never reuse a password you use anywhere else. Use throwaway values — that is what the demo is for.","Because of that, please treat this site as public and temporary: do not enter real personal data, and never reuse a password you use anywhere else. Use throwaway values — that is what the demo is for."
"Billing","Billing"
"Billing Address","Billing Address"
"Billing Information","Billing Information"
"Billing Last Name","Billing Last Name"
"Billing ZIP Code","Billing ZIP Code"
"Billing address","Billing address"
"Breadcrumb","Breadcrumb"
"Browse","Browse"
"Browse the collection to add something you love.","Browse the collection to add something you love."
"Built in the open. Come build with us.","Built in the open. Come build with us."
"Built on what the web actually uses","Built on what the web actually uses"
"Cancel","Cancel"
"Cancel Order","Cancel Order"
"Cancel order","Cancel order"
"Cancelling…","Cancelling…"
"Capital and small letters are not the same here.","Capital and small letters are not the same here."
"Cards you have chosen to keep for a faster checkout. We only ever hold the last four digits.","Cards you have chosen to keep for a faster checkout. We only ever hold the last four digits."
"Carrier:","Carrier:"
"Change","Change"
"Change Billing Address","Change Billing Address"
"Change Email","Change Email"
"Change Password","Change Password"
"Change Shipping Address","Change Shipping Address"
"Change currency","Change currency"
"Change language","Change language"
"Check Out with Multiple Addresses","Check Out with Multiple Addresses"
"Check here to link an RSS feed to your Wish List.","Check here to link an RSS feed to your Wish List."
"Check the spam folder if it is slow","Check the spam folder if it is slow"
"Checkout","Checkout"
"Checkout steps","Checkout steps"
"Choose %1","Choose %1"
"Choose a file to replace it.","Choose a file to replace it."
"Choose options","Choose options"
"City","City"
"Clear All","Clear All"
"Close","Close"
"Close Session","Close Session"
"Close search","Close search"
"Code applied","Code applied"
"Comment","Comment"
"Company","Company"
"Compare Products","Compare Products"
"Complete your address to see the shipping options.","Complete your address to see the shipping options."
"Confirm","Confirm"
"Confirm New Password","Confirm New Password"
"Confirm Password","Confirm Password"
"Confirming your shipping choice…","Confirming your shipping choice…"
"Confirming your shipping details…","Confirming your shipping details…"
"Contact","Contact"
"Contact Information","Contact Information"
"Continue","Continue"
"Continue Shopping","Continue Shopping"
"Continue shopping","Continue shopping"
"Continue to Billing Information","Continue to Billing Information"
"Continue to homepage","Continue to homepage"
"Continue to payment","Continue to payment"
"Cookies","Cookies"
"Could not add to cart","Could not add to cart"
"Could not save gift message","Could not save gift message"
"Country","Country"
"Create an Account","Create an Account"
"Create an account","Create an account"
"Current Password","Current Password"
"Current file","Current file"
"Date","Date"
"Day","Day"
"Decrease quantity","Decrease quantity"
"Default Addresses","Default Addresses"
"Default Billing","Default Billing"
"Default Billing Address","Default Billing Address"
"Default Shipping","Default Shipping"
"Default Shipping Address","Default Shipping Address"
"Default billing address","Default billing address"
"Default shipping address","Default shipping address"
"Defaults","Defaults"
"Delete","Delete"
"Delete this address?","Delete this address?"
"Delete this card?","Delete this card?"
"Delivered","Delivered"
"Demo data is disposable","Demo data is disposable"
"Description","Description"
"Details","Details"
"Digital purchases land here the moment their order is paid.","Digital purchases land here the moment their order is paid."
"Discount","Discount"
"Discount code","Discount code"
"Dismiss","Dismiss"
"Don't see what you're looking for?","Don't see what you're looking for?"
"Downloadable Products","Downloadable Products"
"Earlier Orders","Earlier Orders"
"Edit","Edit"
"Edit Address","Edit Address"
"Edit Items","Edit Items"
"Email","Email"
"Email Address","Email Address"
"Email address","Email address"
"Email addresses, separated by commas","Email addresses, separated by commas"
"Email to a Friend","Email to a Friend"
"Enable JavaScript to add a gift message.","Enable JavaScript to add a gift message."
"Enable JavaScript to choose options and add this product to your cart.","Enable JavaScript to choose options and add this product to your cart."
"Enter a New Address","Enter a New Address"
"Enter code","Enter code"
"Enter your email address and we will send you a link to reset your password.","Enter your email address and we will send you a link to reset your password."
"Enter your email to continue as a guest.","Enter your email to continue as a guest."
"Enter your order details to view its status, invoices and shipments.","Enter your order details to view its status, invoices and shipments."
"Error:","Error:"
"Estimate","Estimate"
"Estimate Shipping and Tax","Estimate Shipping and Tax"
"Every order and its documents","Every order and its documents"
"Everything below is first-party and stays on the server that runs this demo.","Everything below is first-party and stays on the server that runs this demo."
"Everything the legacy frontend isn’t","Everything the legacy frontend isn’t"
"Everything you have with us — orders, addresses and preferences — in one place.","Everything you have with us — orders, addresses and preferences — in one place."
"Everything you have with us, waiting where you left it.","Everything you have with us, waiting where you left it."
"Expires %1","Expires %1"
"Failed to Order","Failed to Order"
"Features","Features"
"Feed","Feed"
"Filters","Filters"
"Find Order By","Find Order By"
"First Name","First Name"
"First name","First name"
"Fixed Product Tax","Fixed Product Tax"
"For details, see","For details, see"
"For the best experience on our site, be sure to turn on Javascript in your browser.","For the best experience on our site, be sure to turn on Javascript in your browser."
"For the best experience on our site, be sure to turn on Local Storage in your browser.","For the best experience on our site, be sure to turn on Local Storage in your browser."
"For {method}","For {method}"
"Forgot your password?","Forgot your password?"
"Free","Free"
"From","From"
"General Subscription","General Subscription"
"Get Feed","Get Feed"
"Gift Message","Gift Message"
"Gift message for the whole order","Gift message for the whole order"
"Gift message per item","Gift message per item"
"Gift options","Gift options"
"Go back to the shipping step to confirm your change.","Go back to the shipping step to confirm your change."
"Go to Review Your Order","Go to Review Your Order"
"Go to Shipping Information","Go to Shipping Information"
"Go to your account","Go to your account"
"Grand Total","Grand Total"
"Hello, %1","Hello, %1"
"Hide password","Hide password"
"Hour","Hour"
"Identification","Identification"
"Increase quantity","Increase quantity"
"Info:","Info:"
"Invitee","Invitee"
"Invoice #%1","Invoice #%1"
"Invoice Total","Invoice Total"
"Invoices","Invoices"
"It happens. The link lands in a moment.","It happens. The link lands in a moment."
"It will be removed from your account. Orders already placed are unaffected.","It will be removed from your account. Orders already placed are unaffected."
"It will be removed from your address book. Orders already placed keep the address they were shipped to.","It will be removed from your address book. Orders already placed keep the address they were shipped to."
"Item","Item"
"Items","Items"
"Items %1 to %2 of %3 total","Items %1 to %2 of %3 total"
"Items %1-%2 of %3","Items %1-%2 of %3"
"Items Invoiced","Items Invoiced"
"Items Ordered","Items Ordered"
"Items Refunded","Items Refunded"
"Items Shipped","Items Shipped"
"JavaScript seems to be disabled in your browser.","JavaScript seems to be disabled in your browser."
"Jot us a note and we’ll get back to you as quickly as possible.","Jot us a note and we’ll get back to you as quickly as possible."
"Keep it","Keep it"
"Last Name","Last Name"
"Last name","Last name"
"Latest Order","Latest Order"
"Loading…","Loading…"
"Local Storage seems to be disabled in your browser.","Local Storage seems to be disabled in your browser."
"Local Time","Local Time"
"Location","Location"
"Looking for shipping options…","Looking for shipping options…"
"MageObsidian brings Vite, TailwindCSS, Vue and Twig to Magento’s native Layouts, Blocks and Templates — a modern, lazy-hydrated frontend without leaving the platform behind.","MageObsidian brings Vite, TailwindCSS, Vue and Twig to Magento’s native Layouts, Blocks and Templates — a modern, lazy-hydrated frontend without leaving the platform behind."
"MageObsidian is MIT-licensed and built in the open. Take the whole stack, re-skin it, extend it, ship it — no license fees, no lock-in.","MageObsidian is MIT-licensed and built in the open. Take the whole stack, re-skin it, extend it, ship it — no license fees, no lock-in."
"MageObsidian is developed in the open and this page is part of it. If something here is unclear or looks wrong, raise it at %1.","MageObsidian is developed in the open and this page is part of it. If something here is unclear or looks wrong, raise it at %1."
"MageObsidian replaces Magento’s legacy frontend with Vite, TailwindCSS, Vue islands and Twig — built on the native Layouts, Blocks and Templates you already know.","MageObsidian replaces Magento’s legacy frontend with Vite, TailwindCSS, Vue islands and Twig — built on the native Layouts, Blocks and Templates you already know."
"Manage","Manage"
"Manifesto","Manifesto"
"Member Since","Member Since"
"Menu","Menu"
"Message","Message"
"Minute","Minute"
"Miscellaneous Feeds","Miscellaneous Feeds"
"Modify your search.","Modify your search."
"Month","Month"
"More","More"
"Move to wish list","Move to wish list"
"My Account","My Account"
"My Downloadable Products","My Downloadable Products"
"My Orders","My Orders"
"My Product Reviews","My Product Reviews"
"My Review","My Review"
"My Wish List","My Wish List"
"N/A","N/A"
"Name","Name"
"New Password","New Password"
"New arrivals and the odd note worth reading. Nothing else, and you can leave whenever you like.","New arrivals and the odd note worth reading. Nothing else, and you can leave whenever you like."
"New image","New image"
"Newsletter","Newsletter"
"Newsletter Subscriptions","Newsletter Subscriptions"
"Next","Next"
"Nickname","Nickname"
"No analytics, no session recording, no advertising or social pixels, no fingerprinting.","No analytics, no session recording, no advertising or social pixels, no fingerprinting."
"No associated products are available.","No associated products are available."
"No cards stored","No cards stored"
"No data is sold, shared or transferred to anyone.","No data is sold, shared or transferred to anyone."
"No marketing email. Nothing you enter here will be used to contact you.","No marketing email. Nothing you enter here will be used to contact you."
"No options available.","No options available."
"No order to show","No order to show"
"No orders yet","No orders yet"
"No payment data is collected, because checkout never reaches a real payment.","No payment data is collected, because checkout never reaches a real payment."
"No payment methods available.","No payment methods available."
"No quotes are available for this address.","No quotes are available for this address."
"No reviews yet","No reviews yet"
"No reviews yet. Be the first to share your thoughts.","No reviews yet. Be the first to share your thoughts."
"No shipping options for this address. Check the postcode and country.","No shipping options for this address. Check the postcode and country."
"No shipping required.","No shipping required."
"No third-party trackers. The pages load only assets served by this site.","No third-party trackers. The pages load only assets served by this site."
"None","None"
"Not all items were included.","Not all items were included."
"Not subscribed","Not subscribed"
"Nothing changes until you set a new one","Nothing changes until you set a new one"
"Nothing saved yet","Nothing saved yet"
"Nothing that doesn’t earn its place.","Nothing that doesn’t earn its place."
"Nothing to compare yet","Nothing to compare yet"
"Nothing to download yet","Nothing to download yet"
"Notify me when the price drops","Notify me when the price drops"
"Notify me when this product is in stock","Notify me when this product is in stock"
"Now Shopping by","Now Shopping by"
"OBSIDIAN — home","OBSIDIAN — home"
"Once you have lived with something for a while, tell the next person what it is really like.","Once you have lived with something for a while, tell the next person what it is really like."
"Once you order something it will live here — status, contents and a one-click reorder.","Once you order something it will live here — status, contents and a one-click reorder."
"One account, and checkout stops asking twice.","One account, and checkout stops asking twice."
"One click and the account is yours.","One click and the account is yours."
"Open Source","Open Source"
"Open bag","Open bag"
"Open source","Open source"
"Open source, nothing to pay","Open source, nothing to pay"
"Order","Order"
"Order #","Order #"
"Order #%1","Order #%1"
"Order ID","Order ID"
"Order Information","Order Information"
"Order Shipments","Order Shipments"
"Order Totals","Order Totals"
"Order confirmed","Order confirmed"
"Order navigation","Order navigation"
"Order summary","Order summary"
"Order tracking","Order tracking"
"Orders and Returns","Orders and Returns"
"Out of stock","Out of stock"
"PM","PM"
"Page","Page"
"Password","Password"
"Paying with","Paying with"
"Payment","Payment"
"Payment Method","Payment Method"
"Payment failed","Payment failed"
"Payment method","Payment method"
"Personal Details","Personal Details"
"Phone Number","Phone Number"
"Phone number","Phone number"
"Pick something you will actually remember.","Pick something you will actually remember."
"Place Order","Place Order"
"Place order","Place order"
"Place order now","Place order now"
"Placing order…","Placing order…"
"Please enter a valid email address.","Please enter a valid email address."
"Please enter your email below and we will send you the confirmation link.","Please enter your email below and we will send you the confirmation link."
"Please select a region","Please select a region"
"Please select a region, state or province.","Please select a region, state or province."
"Please select a shipping address for applicable items.","Please select a shipping address for applicable items."
"Please type the letters and numbers below","Please type the letters and numbers below"
"Please use at least %1 characters.","Please use at least %1 characters."
"Please use at least 8 characters.","Please use at least 8 characters."
"Powered by MageObsidian — a modern frontend for Magento","Powered by MageObsidian — a modern frontend for Magento"
"Preparing","Preparing"
"Previous","Previous"
"Price","Price"
"Primary","Primary"
"Print Invoice","Print Invoice"
"Print Order","Print Order"
"Print Refund","Print Refund"
"Print Shipment","Print Shipment"
"Privacy and Cookie Policy","Privacy and Cookie Policy"
"Proceed to checkout","Proceed to checkout"
"Product","Product"
"Product Rating","Product Rating"
"Product gallery","Product gallery"
"Products","Products"
"Provide a cancellation reason:","Provide a cancellation reason:"
"Purchases","Purchases"
"Qty","Qty"
"Qty Invoiced","Qty Invoiced"
"Qty Shipped","Qty Shipped"
"Quantity","Quantity"
"Questions","Questions"
"RSS link to %1's wishlist","RSS link to %1's wishlist"
"Read our Privacy and Cookie Policy","Read our Privacy and Cookie Policy"
"Read the docs","Read the docs"
"Read the philosophy","Read the philosophy"
"Received","Received"
"Recent Reviews","Recent Reviews"
"Redirecting you to your account...","Redirecting you to your account..."
"Refund #%1","Refund #%1"
"Refund Total","Refund Total"
"Refunds","Refunds"
"Related Products","Related Products"
"Remaining Downloads","Remaining Downloads"
"Remember Me","Remember Me"
"Remove","Remove"
"Remove This Item","Remove This Item"
"Remove discount","Remove discount"
"Remove from your wish list?","Remove from your wish list?"
"Remove item","Remove item"
"Removing your data","Removing your data"
"Reorder","Reorder"
"Required Fields","Required Fields"
"Required fields","Required fields"
"Reset My Password","Reset My Password"
"Reset Your Password","Reset Your Password"
"Review","Review"
"Review Details","Review Details"
"Review Order","Review Order"
"Review order","Review order"
"Review page in Checkout","Review page in Checkout"
"Reviews","Reviews"
"Row Total","Row Total"
"SKU","SKU"
"Same as shipping address","Same as shipping address"
"Sample","Sample"
"Save","Save"
"Save Address","Save Address"
"Save gift message","Save gift message"
"Save this address to my address book","Save this address to my address book"
"Saved","Saved"
"Search","Search"
"Search Results","Search Results"
"Search suggestions","Search suggestions"
"Search the store","Search the store"
"Secure checkout","Secure checkout"
"See Details","See Details"
"Select Address","Select Address"
"Select Shipping Method","Select Shipping Method"
"Select the options above","Select the options above"
"Send Email","Send Email"
"Send To","Send To"
"Send confirmation link","Send confirmation link"
"Sender","Sender"
"Set Ascending Direction","Set Ascending Direction"
"Set Descending Direction","Set Descending Direction"
"Set a New Password","Set a New Password"
"Share Wish List","Share Wish List"
"Ship to","Ship to"
"Ship to Multiple Addresses","Ship to Multiple Addresses"
"Ship to:","Ship to:"
"Shipment #%1","Shipment #%1"
"Shipped","Shipped"
"Shipped By","Shipped By"
"Shipping","Shipping"
"Shipping & Handling","Shipping & Handling"
"Shipping Address","Shipping Address"
"Shipping Information","Shipping Information"
"Shipping Method","Shipping Method"
"Shipping To","Shipping To"
"Shipping address","Shipping address"
"Shipping method","Shipping method"
"Shipping to","Shipping to"
"Shop","Shop"
"Shop by category","Shop by category"
"Shop now","Shop now"
"Shopping options","Shopping options"
"Shortcuts","Shortcuts"
"Show","Show"
"Show image %1","Show image %1"
"Show password","Show password"
"Show shipping methods","Show shipping methods"
"Sign In","Sign In"
"Sign Out","Sign Out"
"Sign in","Sign in"
"Sign up for our newsletter","Sign up for our newsletter"
"Sign-in","Sign-in"
"Signing out and clearing your cookies removes your session. If you created an account and want it deleted before the next reset, open an issue on the project's repository and say so — no account details are needed, just the email you used.","Signing out and clearing your cookies removes your session. If you created an account and want it deleted before the next reset, open an issue on the project's repository and say so — no account details are needed, just the email you used."
"Skip to page %1","Skip to page %1"
"Sorry, no quotes are available for this order right now.","Sorry, no quotes are available for this order right now."
"Sort By","Sort By"
"Stack","Stack"
"Start Shopping","Start Shopping"
"State / Province","State / Province"
"State/Province","State/Province"
"Status","Status"
"Stored Payment Methods","Stored Payment Methods"
"Street Address","Street Address"
"Street Address: Line %1","Street Address: Line %1"
"Street address","Street address"
"Submit","Submit"
"Submit Review","Submit Review"
"Submitted on %1","Submitted on %1"
"Subscribed","Subscribed"
"Subscriptions","Subscriptions"
"Subtotal","Subtotal"
"Successfully Ordered","Successfully Ordered"
"Successfully ordered","Successfully ordered"
"Summary","Summary"
"Tap the heart on anything you want to come back to. It will be waiting here.","Tap the heart on anything you want to come back to. It will be waiting here."
"Tax","Tax"
"Thank you for your purchase","Thank you for your purchase"
"The demo database is reset from time to time, without notice. Any account, address or cart you create here can disappear at any moment, and that is by design.","The demo database is reset from time to time, without notice. Any account, address or cart you create here can disappear at any moment, and that is by design."
"The demo is self-hosted on the project's own infrastructure. Server logs record the usual request metadata — IP address, timestamp, user agent — for operating and securing the site, and are rotated regularly.","The demo is self-hosted on the project's own infrastructure. Server logs record the usual request metadata — IP address, timestamp, user agent — for operating and securing the site, and are rotated regularly."
"The demo runs with Magento's cookie restriction mode enabled, so the cookies that are not strictly necessary are only set after you accept the banner. The strictly necessary ones — the session and the form key — are set regardless, because the storefront cannot function without them.","The demo runs with Magento's cookie restriction mode enabled, so the cookies that are not strictly necessary are only set after you accept the banner. The strictly necessary ones — the session and the form key — are set regardless, because the storefront cannot function without them."
"The letters and numbers to type","The letters and numbers to type"
"The link is good for a short while","The link is good for a short while"
"The link opens your account straight away","The link opens your account straight away"
"The order was not successful","The order was not successful"
"The two passwords do not match.","The two passwords do not match."
"Themes","Themes"
"There are no search terms available.","There are no search terms available."
"There is no tracking available for this shipment.","There is no tracking available for this shipment."
"There is no tracking available.","There is no tracking available."
"This combination is unavailable","This combination is unavailable"
"This field is required.","This field is required."
"This is a demo store. No orders will be fulfilled.","This is a demo store. No orders will be fulfilled."
"This is a required field.","This is a required field."
"This link works once","This link works once"
"This notice describes what the demo does with data you give it. It is written for this demo. If you are running a real store on MageObsidian, replace this page with your own policy — the framework does not write one for you.","This notice describes what the demo does with data you give it. It is written for this demo. If you are running a real store on MageObsidian, replace this page with your own policy — the framework does not write one for you."
"This site is a public demo of %1, an open-source frontend stack for Magento 2. It is a working Magento storefront, but it is not a shop: nothing here is for sale, no order is ever fulfilled, and no payment is ever taken.","This site is a public demo of %1, an open-source frontend stack for Magento 2. It is a working Magento storefront, but it is not a shop: nothing here is for sale, no order is ever fulfilled, and no payment is ever taken."
"This step comes online in the next milestone.","This step comes online in the next milestone."
"Title","Title"
"To","To"
"To comply with the e-Privacy directive, we need your consent to set cookies.","To comply with the e-Privacy directive, we need your consent to set cookies."
"To purchase these items: Return to the","To purchase these items: Return to the"
"To see the payment methods, complete:","To see the payment methods, complete:"
"Total","Total"
"Totals","Totals"
"Track history","Track history"
"Track:","Track:"
"Tracking Information","Tracking Information"
"Tracking Number","Tracking Number"
"Tracking Number(s):","Tracking Number(s):"
"Tracking Number:","Tracking Number:"
"Tracking information is currently not available. Please ","Tracking information is currently not available. Please "
"Two layers, clean inheritance","Two layers, clean inheritance"
"Update Qty & Addresses","Update Qty & Addresses"
"Update bag","Update bag"
"Use a new address","Use a new address"
"Use as my default billing address","Use as my default billing address"
"Use as my default shipping address","Use as my default shipping address"
"Via","Via"
"View","View"
"View All","View All"
"View Options","View Options"
"View Order","View Order"
"View Product","View Product"
"View bag","View bag"
"View on GitHub","View on GitHub"
"Vite · TailwindCSS · Vue · Twig","Vite · TailwindCSS · Vue · Twig"
"We can't find any items matching these search criteria.","We can't find any items matching these search criteria."
"We can’t find products matching the selection.","We can’t find products matching the selection."
"We could not sign you in. Check your details and try again.","We could not sign you in. Check your details and try again."
"We found other products you might like!","We found other products you might like!"
"We use cookies to make your experience better.","We use cookies to make your experience better."
"We will email you an order confirmation with the details.","We will email you an order confirmation with the details."
"What the demo does not do","What the demo does not do"
"What the demo stores","What the demo stores"
"What you wrote","What you wrote"
"What’s New","What’s New"
"What’s on your mind?","What’s on your mind?"
"When you place an order it will show up here, with its status and everything you bought.","When you place an order it will show up here, with its status and everything you bought."
"Where this runs","Where this runs"
"Wish List","Wish List"
"Wish List is empty now.","Wish List is empty now."
"Write a review","Write a review"
"Year","Year"
"You are connected as %1 on %2","You are connected as %1 on %2"
"You are logged in","You are logged in"
"You are signed out","You are signed out"
"You can clear them from your browser at any time. Doing so signs you out and empties the cart, and nothing else is lost.","You can clear them from your browser at any time. Doing so signs you out and empties the cart, and nothing else is lost."
"You have no default billing address in your address book.","You have no default billing address in your address book."
"You have no default shipping address in your address book.","You have no default shipping address in your address book."
"You have no other address entries in your address book.","You have no other address entries in your address book."
"You have placed no orders","You have placed no orders"
"You have signed out of your account.","You have signed out of your account."
"You may also like","You may also like"
"You stay signed out until you use it","You stay signed out until you use it"
"You'll receive a confirmation email with order numbers, tracking information and more details.","You'll receive a confirmation email with order numbers, tracking information and more details."
"You're currently reading page","You're currently reading page"
"Your bag","Your bag"
"Your bag is empty","Your bag is empty"
"Your bag is empty.","Your bag is empty."
"Your cart — the products you add, until the session expires or the demo data is reset.","Your cart — the products you add, until the session expires or the demo data is reset."
"Your cookie choice — if you accept the cookie banner, a cookie records that so the banner stops asking.","Your cookie choice — if you accept the cookie banner, a cookie records that so the banner stops asking."
"Your name is what we put on orders; the email and password are how you get in.","Your name is what we put on orders; the email and password are how you get in."
"Your order could not be placed. No charge was completed; please try again or use a different payment method.","Your order could not be placed. No charge was completed; please try again or use a different payment method."
"Your order number is","Your order number is"
"Your orders and addresses stay put","Your orders and addresses stay put"
"Your orders and their documents in one place","Your orders and their documents in one place"
"Your rating","Your rating"
"Your search returned no results.","Your search returned no results."
"Your selection","Your selection"
"ZIP / Postal code","ZIP / Postal code"
"ZIP Code","ZIP Code"
"Zip/Postal Code","Zip/Postal Code"
"completed","completed"
"contact us","contact us"
"current step","current step"
"email us at ","email us at "
"in your bag","in your bag"
"in your compare list","in your compare list"
"in your wish list","in your wish list"
"items","items"
"optional","optional"
"per page","per page"
"resolve any errors, and place a new order.","resolve any errors, and place a new order."
"section below","section below"
"{count} items","{count} items"
"{count} shipping options available.","{count} shipping options available."
