" for more information or "," para más información o "
"%1 Item","%1 artículo"
"%1 Item(s)","%1 artículo(s)"
"%1 Items","%1 artículos"
"%1 item in your bag","%1 artículo en tu bolsa"
"%1 item(s)","%1 artículo(s)"
"%1 item(s) were found using the following search criteria","Se encontraron %1 artículo(s) con los siguientes criterios de búsqueda"
"%1 items in your bag","%1 artículos en tu bolsa"
"%1 of 5 · %2 review(s)","%1 de 5 · %2 opinión(es)"
"%1 out of 5 stars","%1 de 5 estrellas"
"%1 review(s)","%1 opinión(es)"
"%1 stars","%1 estrellas"
"%1 will no longer be saved here. You can always add it again.","%1 dejará de estar guardado aquí. Siempre puedes volver a agregarlo."
"%1:","%1:"
"%1: to","%1: a"
"-- Please Select --","-- Selecciona --"
"A form key — a cookie holding a token that protects form submissions against cross-site request forgery.","Una clave de formulario: una cookie con un token que protege los envíos de formularios frente a la falsificación de peticiones entre sitios."
"A modern frontend for Magento","Un frontend moderno para Magento"
"A new way to build Magento frontends","Una forma nueva de construir frontends de Magento"
"A session — Magento issues a session cookie so the cart and any form you submit survive between page loads.","Una sesión: Magento emite una cookie de sesión para que el carrito y los formularios que envías sobrevivan entre cargas de página."
"A shipping selection is not applicable.","No aplica una selección de envío."
"A wish list that follows you","Una lista de deseos que te acompaña"
"A wish list that survives the tab","Una lista de deseos que sobrevive a la pestaña"
"AM","AM"
"AM/PM","AM/PM"
"About this product","Sobre este producto"
"Access your shopping cart on this computer even when not signed in.","Accede a tu carrito en este equipo aunque no hayas iniciado sesión."
"Account","Cuenta"
"Account Information","Información de la cuenta"
"Actions","Acciones"
"Add All to Cart","Agregar todo al carrito"
"Add New Address","Agregar dirección nueva"
"Add a few products side by side and their differences show up here.","Agrega varios productos lado a lado y sus diferencias aparecerán aquí."
"Add an Address","Agregar una dirección"
"Add to Cart","Agregar al carrito"
"Add to Compare","Agregar a comparar"
"Add to Wish List","Agregar a la lista de deseos"
"Add to cart","Agregar al carrito"
"Added to cart","Agregado al carrito"
"Added to your bag","Agregado a tu bolsa"
"Additional Address Entries","Otras direcciones"
"Address","Dirección"
"Address %1 of %2","Dirección %1 de %2"
"Address Book","Libreta de direcciones"
"Addresses","Direcciones"
"Addresses ready at checkout","Direcciones listas al finalizar la compra"
"Addresses saved for next time","Direcciones guardadas para la próxima vez"
"Adjustment Fee","Cargo de ajuste"
"Adjustment Refund","Reembolso de ajuste"
"Advanced Search","Búsqueda avanzada"
"Allow Cookies","Permitir cookies"
"Allowed file types","Tipos de archivo permitidos"
"Already have an account?","¿Ya tienes una cuenta?"
"An account already exists with this email.","Ya existe una cuenta con este correo."
"An account, if you create one — the name, email and addresses you type into the registration form.","Una cuenta, si la creas: el nombre, el correo y las direcciones que escribes en el formulario de registro."
"Apartment, suite, etc.","Apartamento, oficina, etc."
"Appearance","Apariencia"
"Applied","Aplicado"
"Apply","Aplicar"
"Ask for another whenever you need it","Pide otro cuando lo necesites"
"Assisted session","Sesión asistida"
"At checkout you can choose to save a card here for next time.","Al finalizar la compra puedes elegir guardar una tarjeta aquí para la próxima vez."
"At least %1 characters","Al menos %1 caracteres"
"Back","Atrás"
"Back to Billing Information","Volver a los datos de facturación"
"Back to My Orders","Volver a mis pedidos"
"Back to My Reviews","Volver a mis opiniones"
"Back to Order Lookup","Volver a la consulta de pedidos"
"Back to Product Reviews","Volver a las opiniones del producto"
"Back to Select Addresses","Volver a seleccionar direcciones"
"Back to Shipping Information","Volver a los datos de envío"
"Back to Shopping Cart","Volver al carrito"
"Back to Sign In","Volver a iniciar sesión"
"Back to bag","Volver a la bolsa"
"Bag","Bolsa"
"Be the first to review this product","Sé el primero en opinar sobre este producto"
"Because of that, please treat this site as public and temporary: do not enter real personal data, and never reuse a password you use anywhere else. Use throwaway values — that is what the demo is for.","Por eso, trata este sitio como público y temporal: no ingreses datos personales reales y nunca reutilices una contraseña que uses en otro lugar. Usa valores desechables: para eso está la demo."
"Billing","Facturación"
"Billing Address","Dirección de facturación"
"Billing Information","Datos de facturación"
"Billing Last Name","Apellido de facturación"
"Billing ZIP Code","Código postal de facturación"
"Billing address","Dirección de facturación"
"Breadcrumb","Ruta de navegación"
"Browse","Explorar"
"Browse the collection to add something you love.","Explora la colección y agrega algo que te guste."
"Built in the open. Come build with us.","Construido a la vista de todos. Ven a construir con nosotros."
"Built on what the web actually uses","Construido sobre lo que la web usa de verdad"
"Cancel","Cancelar"
"Cancel Order","Cancelar pedido"
"Cancel order","Cancelar pedido"
"Cancelling…","Cancelando…"
"Capital and small letters are not the same here.","Aquí las mayúsculas y las minúsculas no son lo mismo."
"Cards you have chosen to keep for a faster checkout. We only ever hold the last four digits.","Tarjetas que elegiste guardar para comprar más rápido. Solo conservamos los últimos cuatro dígitos."
"Carrier:","Transportista:"
"Change","Cambiar"
"Change Billing Address","Cambiar la dirección de facturación"
"Change Email","Cambiar el correo"
"Change Password","Cambiar la contraseña"
"Change Shipping Address","Cambiar la dirección de envío"
"Change currency","Cambiar la moneda"
"Change language","Cambiar el idioma"
"Check Out with Multiple Addresses","Finalizar compra con varias direcciones"
"Check here to link an RSS feed to your Wish List.","Marca aquí para enlazar un feed RSS a tu lista de deseos."
"Check the spam folder if it is slow","Revisa la carpeta de spam si tarda"
"Checkout","Finalizar compra"
"Checkout steps","Pasos de la compra"
"Choose %1","Elegir %1"
"Choose a file to replace it.","Elige un archivo para reemplazarlo."
"Choose options","Elegir opciones"
"City","Ciudad"
"Clear All","Limpiar todo"
"Close","Cerrar"
"Close Session","Cerrar la sesión"
"Close search","Cerrar la búsqueda"
"Code applied","Código aplicado"
"Comment","Comentario"
"Company","Empresa"
"Compare Products","Comparar productos"
"Complete your address to see the shipping options.","Completa tu dirección para ver las opciones de envío."
"Confirm","Confirmar"
"Confirm New Password","Confirmar la contraseña nueva"
"Confirm Password","Confirmar la contraseña"
"Confirming your shipping choice…","Confirmando tu opción de envío…"
"Confirming your shipping details…","Confirmando tus datos de envío…"
"Contact","Contacto"
"Contact Information","Datos de contacto"
"Continue","Continuar"
"Continue Shopping","Seguir comprando"
"Continue shopping","Seguir comprando"
"Continue to Billing Information","Continuar a los datos de facturación"
"Continue to homepage","Continuar al inicio"
"Continue to payment","Continuar al pago"
"Cookies","Cookies"
"Could not add to cart","No se pudo agregar al carrito"
"Could not save gift message","No se pudo guardar el mensaje de regalo"
"Country","País"
"Create an Account","Crear una cuenta"
"Create an account","Crear una cuenta"
"Current Password","Contraseña actual"
"Current file","Archivo actual"
"Date","Fecha"
"Day","Día"
"Decrease quantity","Reducir la cantidad"
"Default Addresses","Direcciones predeterminadas"
"Default Billing","Facturación predeterminada"
"Default Billing Address","Dirección de facturación predeterminada"
"Default Shipping","Envío predeterminado"
"Default Shipping Address","Dirección de envío predeterminada"
"Default billing address","Dirección de facturación predeterminada"
"Default shipping address","Dirección de envío predeterminada"
"Defaults","Predeterminadas"
"Delete","Eliminar"
"Delete this address?","¿Eliminar esta dirección?"
"Delete this card?","¿Eliminar esta tarjeta?"
"Delivered","Entregado"
"Demo data is disposable","Los datos de la demo son desechables"
"Description","Descripción"
"Details","Detalles"
"Digital purchases land here the moment their order is paid.","Las compras digitales llegan aquí en cuanto se paga su pedido."
"Discount","Descuento"
"Discount code","Código de descuento"
"Dismiss","Descartar"
"Don't see what you're looking for?","¿No encuentras lo que buscas?"
"Downloadable Products","Productos descargables"
"Earlier Orders","Pedidos anteriores"
"Edit","Editar"
"Edit Address","Editar la dirección"
"Edit Items","Editar los artículos"
"Email","Correo"
"Email Address","Correo electrónico"
"Email address","Correo electrónico"
"Email addresses, separated by commas","Correos electrónicos, separados por comas"
"Email to a Friend","Enviar a un amigo"
"Enable JavaScript to add a gift message.","Activa JavaScript para agregar un mensaje de regalo."
"Enable JavaScript to choose options and add this product to your cart.","Activa JavaScript para elegir opciones y agregar este producto al carrito."
"Enter a New Address","Ingresar una dirección nueva"
"Enter code","Ingresa el código"
"Enter your email address and we will send you a link to reset your password.","Ingresa tu correo electrónico y te enviaremos un enlace para restablecer la contraseña."
"Enter your email to continue as a guest.","Ingresa tu correo para continuar como invitado."
"Enter your order details to view its status, invoices and shipments.","Ingresa los datos de tu pedido para ver su estado, facturas y envíos."
"Error:","Error:"
"Estimate","Estimar"
"Estimate Shipping and Tax","Estimar envío e impuestos"
"Every order and its documents","Cada pedido y sus documentos"
"Everything below is first-party and stays on the server that runs this demo.","Todo lo que sigue es propio y se queda en el servidor que ejecuta esta demo."
"Everything the legacy frontend isn’t","Todo lo que el frontend heredado no es"
"Everything you have with us — orders, addresses and preferences — in one place.","Todo lo que tienes con nosotros —pedidos, direcciones y preferencias— en un solo lugar."
"Everything you have with us, waiting where you left it.","Todo lo que tienes con nosotros, esperando donde lo dejaste."
"Expires %1","Vence %1"
"Failed to Order","No se pudo pedir"
"Features","Funcionalidades"
"Feed","Feed"
"Filters","Filtros"
"Find Order By","Buscar el pedido por"
"First Name","Nombre"
"First name","Nombre"
"Fixed Product Tax","Impuesto fijo del producto"
"For details, see","Para más detalles, consulta"
"For the best experience on our site, be sure to turn on Javascript in your browser.","Para la mejor experiencia en nuestro sitio, activa JavaScript en tu navegador."
"For the best experience on our site, be sure to turn on Local Storage in your browser.","Para la mejor experiencia en nuestro sitio, activa el almacenamiento local en tu navegador."
"For {method}","Para {method}"
"Forgot your password?","¿Olvidaste tu contraseña?"
"Free","Gratis"
"From","Desde"
"General Subscription","Suscripción general"
"Get Feed","Obtener el feed"
"Gift Message","Mensaje de regalo"
"Gift message for the whole order","Mensaje de regalo para todo el pedido"
"Gift message per item","Mensaje de regalo por artículo"
"Gift options","Opciones de regalo"
"Go back to the shipping step to confirm your change.","Vuelve al paso de envío para confirmar el cambio."
"Go to Review Your Order","Ir a revisar tu pedido"
"Go to Shipping Information","Ir a los datos de envío"
"Go to your account","Ir a tu cuenta"
"Grand Total","Total general"
"Hello, %1","Hola, %1"
"Hide password","Ocultar la contraseña"
"Hour","Hora"
"Identification","Identificación"
"Increase quantity","Aumentar la cantidad"
"Info:","Información:"
"Invitee","Invitado"
"Invoice #%1","Factura n.º %1"
"Invoice Total","Total de la factura"
"Invoices","Facturas"
"It happens. The link lands in a moment.","Pasa. El enlace llega en un momento."
"It will be removed from your account. Orders already placed are unaffected.","Se quitará de tu cuenta. Los pedidos ya realizados no se ven afectados."
"It will be removed from your address book. Orders already placed keep the address they were shipped to.","Se quitará de tu libreta de direcciones. Los pedidos ya realizados conservan la dirección a la que se enviaron."
"Item","Artículo"
"Items","Artículos"
"Items %1 to %2 of %3 total","Artículos %1 a %2 de %3 en total"
"Items %1-%2 of %3","Artículos %1-%2 de %3"
"Items Invoiced","Artículos facturados"
"Items Ordered","Artículos pedidos"
"Items Refunded","Artículos reembolsados"
"Items Shipped","Artículos enviados"
"JavaScript seems to be disabled in your browser.","Parece que JavaScript está desactivado en tu navegador."
"Jot us a note and we’ll get back to you as quickly as possible.","Escríbenos una nota y te responderemos lo antes posible."
"Keep it","Conservarlo"
"Last Name","Apellido"
"Last name","Apellido"
"Latest Order","Último pedido"
"Loading…","Cargando…"
"Local Storage seems to be disabled in your browser.","Parece que el almacenamiento local está desactivado en tu navegador."
"Local Time","Hora local"
"Location","Ubicación"
"Looking for shipping options…","Buscando opciones de envío…"
"MageObsidian brings Vite, TailwindCSS, Vue and Twig to Magento’s native Layouts, Blocks and Templates — a modern, lazy-hydrated frontend without leaving the platform behind.","MageObsidian lleva Vite, TailwindCSS, Vue y Twig a los Layouts, Blocks y Templates nativos de Magento: un frontend moderno, con hidratación diferida, sin abandonar la plataforma."
"MageObsidian is MIT-licensed and built in the open. Take the whole stack, re-skin it, extend it, ship it — no license fees, no lock-in.","MageObsidian tiene licencia MIT y se construye a la vista de todos. Toma el stack completo, cámbiale la piel, extiéndelo, publícalo: sin cuotas de licencia ni ataduras."
"MageObsidian is developed in the open and this page is part of it. If something here is unclear or looks wrong, raise it at %1.","MageObsidian se desarrolla a la vista de todos y esta página forma parte de eso. Si algo no queda claro o parece incorrecto, repórtalo en %1."
"MageObsidian replaces Magento’s legacy frontend with Vite, TailwindCSS, Vue islands and Twig — built on the native Layouts, Blocks and Templates you already know.","MageObsidian reemplaza el frontend heredado de Magento con Vite, TailwindCSS, islas de Vue y Twig, sobre los Layouts, Blocks y Templates nativos que ya conoces."
"Manage","Gestionar"
"Manifesto","Manifiesto"
"Member Since","Miembro desde"
"Menu","Menú"
"Message","Mensaje"
"Minute","Minuto"
"Miscellaneous Feeds","Otros feeds"
"Modify your search.","Modifica tu búsqueda."
"Month","Mes"
"More","Más"
"Move to wish list","Mover a la lista de deseos"
"My Account","Mi cuenta"
"My Downloadable Products","Mis productos descargables"
"My Orders","Mis pedidos"
"My Product Reviews","Mis opiniones de productos"
"My Review","Mi opinión"
"My Wish List","Mi lista de deseos"
"N/A","N/D"
"Name","Nombre"
"New Password","Contraseña nueva"
"New arrivals and the odd note worth reading. Nothing else, and you can leave whenever you like.","Novedades y alguna nota que vale la pena leer. Nada más, y puedes darte de baja cuando quieras."
"New image","Imagen nueva"
"Newsletter","Boletín"
"Newsletter Subscriptions","Suscripciones al boletín"
"Next","Siguiente"
"Nickname","Apodo"
"No analytics, no session recording, no advertising or social pixels, no fingerprinting.","Sin analítica, sin grabación de sesiones, sin píxeles publicitarios ni sociales, sin huella digital."
"No associated products are available.","No hay productos asociados disponibles."
"No cards stored","No hay tarjetas guardadas"
"No data is sold, shared or transferred to anyone.","No se vende, comparte ni transfiere ningún dato a nadie."
"No marketing email. Nothing you enter here will be used to contact you.","Sin correos de marketing. Nada de lo que escribas aquí se usará para contactarte."
"No options available.","No hay opciones disponibles."
"No order to show","No hay ningún pedido que mostrar"
"No orders yet","Todavía no hay pedidos"
"No payment data is collected, because checkout never reaches a real payment.","No se recopilan datos de pago, porque la compra nunca llega a un pago real."
"No payment methods available.","No hay métodos de pago disponibles."
"No quotes are available for this address.","No hay cotizaciones disponibles para esta dirección."
"No reviews yet","Todavía no hay opiniones"
"No reviews yet. Be the first to share your thoughts.","Todavía no hay opiniones. Sé el primero en compartir lo que piensas."
"No shipping options for this address. Check the postcode and country.","No hay opciones de envío para esta dirección. Revisa el código postal y el país."
"No shipping required.","No requiere envío."
"No third-party trackers. The pages load only assets served by this site.","Sin rastreadores de terceros. Las páginas solo cargan recursos servidos por este sitio."
"None","Ninguno"
"Not all items were included.","No se incluyeron todos los artículos."
"Not subscribed","Sin suscripción"
"Nothing changes until you set a new one","Nada cambia hasta que definas una nueva"
"Nothing saved yet","Todavía no hay nada guardado"
"Nothing that doesn’t earn its place.","Nada que no se gane su lugar."
"Nothing to compare yet","Todavía no hay nada que comparar"
"Nothing to download yet","Todavía no hay nada que descargar"
"Notify me when the price drops","Avísame cuando baje el precio"
"Notify me when this product is in stock","Avísame cuando este producto esté disponible"
"Now Shopping by","Comprando por"
"OBSIDIAN — home","OBSIDIAN — inicio"
"Once you have lived with something for a while, tell the next person what it is really like.","Cuando hayas convivido un tiempo con algo, cuéntale al siguiente cómo es de verdad."
"Once you order something it will live here — status, contents and a one-click reorder.","Cuando pidas algo vivirá aquí: estado, contenido y volver a pedirlo con un clic."
"One account, and checkout stops asking twice.","Una cuenta, y la compra deja de preguntarte dos veces."
"One click and the account is yours.","Un clic y la cuenta es tuya."
"Open Source","Código abierto"
"Open bag","Abrir la bolsa"
"Open source","Código abierto"
"Open source, nothing to pay","Código abierto, nada que pagar"
"Order","Pedido"
"Order #","Pedido n.º"
"Order #%1","Pedido n.º %1"
"Order ID","ID del pedido"
"Order Information","Información del pedido"
"Order Shipments","Envíos del pedido"
"Order Totals","Totales del pedido"
"Order confirmed","Pedido confirmado"
"Order navigation","Navegación del pedido"
"Order summary","Resumen del pedido"
"Order tracking","Seguimiento del pedido"
"Orders and Returns","Pedidos y devoluciones"
"Out of stock","Sin existencias"
"PM","PM"
"Page","Página"
"Password","Contraseña"
"Paying with","Pagando con"
"Payment","Pago"
"Payment Method","Método de pago"
"Payment failed","El pago falló"
"Payment method","Método de pago"
"Personal Details","Datos personales"
"Phone Number","Teléfono"
"Phone number","Teléfono"
"Pick something you will actually remember.","Elige algo que de verdad vayas a recordar."
"Place Order","Realizar el pedido"
"Place order","Realizar el pedido"
"Place order now","Realizar el pedido ahora"
"Placing order…","Realizando el pedido…"
"Please enter a valid email address.","Ingresa un correo electrónico válido."
"Please enter your email below and we will send you the confirmation link.","Ingresa tu correo abajo y te enviaremos el enlace de confirmación."
"Please select a region","Selecciona una región"
"Please select a region, state or province.","Selecciona una región, estado o provincia."
"Please select a shipping address for applicable items.","Selecciona una dirección de envío para los artículos correspondientes."
"Please type the letters and numbers below","Escribe las letras y los números de abajo"
"Please use at least %1 characters.","Usa al menos %1 caracteres."
"Please use at least 8 characters.","Usa al menos 8 caracteres."
"Powered by MageObsidian — a modern frontend for Magento","Con tecnología de MageObsidian, un frontend moderno para Magento"
"Preparing","Preparando"
"Previous","Anterior"
"Price","Precio"
"Primary","Principal"
"Print Invoice","Imprimir la factura"
"Print Order","Imprimir el pedido"
"Print Refund","Imprimir el reembolso"
"Print Shipment","Imprimir el envío"
"Privacy and Cookie Policy","Política de privacidad y cookies"
"Proceed to checkout","Ir a finalizar la compra"
"Product","Producto"
"Product Rating","Valoración del producto"
"Product gallery","Galería del producto"
"Products","Productos"
"Provide a cancellation reason:","Indica un motivo de cancelación:"
"Purchases","Compras"
"Qty","Cant."
"Qty Invoiced","Cant. facturada"
"Qty Shipped","Cant. enviada"
"Quantity","Cantidad"
"Questions","Preguntas"
"RSS link to %1's wishlist","Enlace RSS a la lista de deseos de %1"
"Read our Privacy and Cookie Policy","Lee nuestra política de privacidad y cookies"
"Read the docs","Leer la documentación"
"Read the philosophy","Leer la filosofía"
"Received","Recibido"
"Recent Reviews","Opiniones recientes"
"Redirecting you to your account...","Redirigiéndote a tu cuenta..."
"Refund #%1","Reembolso n.º %1"
"Refund Total","Total del reembolso"
"Refunds","Reembolsos"
"Related Products","Productos relacionados"
"Remaining Downloads","Descargas restantes"
"Remember Me","Recordarme"
"Remove","Quitar"
"Remove This Item","Quitar este artículo"
"Remove discount","Quitar el descuento"
"Remove from your wish list?","¿Quitar de tu lista de deseos?"
"Remove item","Quitar el artículo"
"Removing your data","Eliminar tus datos"
"Reorder","Volver a pedir"
"Required Fields","Campos obligatorios"
"Required fields","Campos obligatorios"
"Reset My Password","Restablecer mi contraseña"
"Reset Your Password","Restablece tu contraseña"
"Review","Opinión"
"Review Details","Detalles de la opinión"
"Review Order","Revisar el pedido"
"Review order","Revisar el pedido"
"Review page in Checkout","Página de revisión de la compra"
"Reviews","Opiniones"
"Row Total","Total de la línea"
"SKU","SKU"
"Same as shipping address","Igual que la dirección de envío"
"Sample","Muestra"
"Save","Guardar"
"Save Address","Guardar la dirección"
"Save gift message","Guardar el mensaje de regalo"
"Save this address to my address book","Guardar esta dirección en mi libreta de direcciones"
"Saved","Guardado"
"Search","Buscar"
"Search Results","Resultados de la búsqueda"
"Search suggestions","Sugerencias de búsqueda"
"Search the store","Buscar en la tienda"
"Secure checkout","Compra segura"
"See Details","Ver detalles"
"Select Address","Seleccionar la dirección"
"Select Shipping Method","Seleccionar el método de envío"
"Select the options above","Selecciona las opciones de arriba"
"Send Email","Enviar el correo"
"Send To","Enviar a"
"Send confirmation link","Enviar el enlace de confirmación"
"Sender","Remitente"
"Set Ascending Direction","Ordenar de forma ascendente"
"Set Descending Direction","Ordenar de forma descendente"
"Set a New Password","Define una contraseña nueva"
"Share Wish List","Compartir la lista de deseos"
"Ship to","Enviar a"
"Ship to Multiple Addresses","Enviar a varias direcciones"
"Ship to:","Enviar a:"
"Shipment #%1","Envío n.º %1"
"Shipped","Enviado"
"Shipped By","Enviado por"
"Shipping","Envío"
"Shipping & Handling","Envío y manipulación"
"Shipping Address","Dirección de envío"
"Shipping Information","Datos de envío"
"Shipping Method","Método de envío"
"Shipping To","Envío a"
"Shipping address","Dirección de envío"
"Shipping method","Método de envío"
"Shipping to","Envío a"
"Shop","Tienda"
"Shop by category","Comprar por categoría"
"Shop now","Comprar ahora"
"Shopping options","Opciones de compra"
"Shortcuts","Atajos"
"Show","Mostrar"
"Show image %1","Mostrar la imagen %1"
"Show password","Mostrar la contraseña"
"Show shipping methods","Mostrar los métodos de envío"
"Sign In","Iniciar sesión"
"Sign Out","Cerrar sesión"
"Sign in","Iniciar sesión"
"Sign up for our newsletter","Suscríbete a nuestro boletín"
"Sign-in","Inicio de sesión"
"Signing out and clearing your cookies removes your session. If you created an account and want it deleted before the next reset, open an issue on the project's repository and say so — no account details are needed, just the email you used.","Cerrar sesión y borrar las cookies elimina tu sesión. Si creaste una cuenta y quieres eliminarla antes del próximo reinicio, abre un issue en el repositorio del proyecto y dilo: no hacen falta datos de la cuenta, solo el correo que usaste."
"Skip to page %1","Saltar a la página %1"
"Sorry, no quotes are available for this order right now.","Lo sentimos, ahora mismo no hay cotizaciones disponibles para este pedido."
"Sort By","Ordenar por"
"Stack","Stack"
"Start Shopping","Empezar a comprar"
"State / Province","Estado / Provincia"
"State/Province","Estado/Provincia"
"Status","Estado"
"Stored Payment Methods","Métodos de pago guardados"
"Street Address","Dirección"
"Street Address: Line %1","Dirección: línea %1"
"Street address","Dirección"
"Submit","Enviar"
"Submit Review","Enviar la opinión"
"Submitted on %1","Enviado el %1"
"Subscribed","Suscrito"
"Subscriptions","Suscripciones"
"Subtotal","Subtotal"
"Successfully Ordered","Pedido con éxito"
"Successfully ordered","Pedido con éxito"
"Summary","Resumen"
"Tap the heart on anything you want to come back to. It will be waiting here.","Toca el corazón en lo que quieras volver a ver. Estará esperando aquí."
"Tax","Impuestos"
"Thank you for your purchase","Gracias por tu compra"
"The demo database is reset from time to time, without notice. Any account, address or cart you create here can disappear at any moment, and that is by design.","La base de datos de la demo se reinicia cada cierto tiempo, sin aviso. Cualquier cuenta, dirección o carrito que crees aquí puede desaparecer en cualquier momento, y es intencional."
"The demo is self-hosted on the project's own infrastructure. Server logs record the usual request metadata — IP address, timestamp, user agent — for operating and securing the site, and are rotated regularly.","La demo está alojada en la infraestructura del propio proyecto. Los registros del servidor guardan los metadatos habituales de cada petición —dirección IP, marca de tiempo, agente de usuario— para operar y proteger el sitio, y se rotan con regularidad."
"The demo runs with Magento's cookie restriction mode enabled, so the cookies that are not strictly necessary are only set after you accept the banner. The strictly necessary ones — the session and the form key — are set regardless, because the storefront cannot function without them.","La demo funciona con el modo de restricción de cookies de Magento activado, así que las cookies que no son estrictamente necesarias solo se establecen después de que aceptes el aviso. Las estrictamente necesarias —la sesión y la clave de formulario— se establecen igualmente, porque la tienda no puede funcionar sin ellas."
"The letters and numbers to type","Las letras y los números que hay que escribir"
"The link is good for a short while","El enlace sirve durante un rato corto"
"The link opens your account straight away","El enlace abre tu cuenta de inmediato"
"The order was not successful","El pedido no se completó"
"The two passwords do not match.","Las dos contraseñas no coinciden."
"Themes","Temas"
"There are no search terms available.","No hay términos de búsqueda disponibles."
"There is no tracking available for this shipment.","No hay seguimiento disponible para este envío."
"There is no tracking available.","No hay seguimiento disponible."
"This combination is unavailable","Esta combinación no está disponible"
"This field is required.","Este campo es obligatorio."
"This is a demo store. No orders will be fulfilled.","Esta es una tienda de demostración. Ningún pedido se procesará."
"This is a required field.","Este campo es obligatorio."
"This link works once","Este enlace funciona una sola vez"
"This notice describes what the demo does with data you give it. It is written for this demo. If you are running a real store on MageObsidian, replace this page with your own policy — the framework does not write one for you.","Este aviso describe qué hace la demo con los datos que le das. Está escrito para esta demo. Si tienes una tienda real sobre MageObsidian, reemplaza esta página por tu propia política: el framework no la escribe por ti."
"This site is a public demo of %1, an open-source frontend stack for Magento 2. It is a working Magento storefront, but it is not a shop: nothing here is for sale, no order is ever fulfilled, and no payment is ever taken.","Este sitio es una demo pública de %1, un stack de frontend de código abierto para Magento 2. Es una tienda Magento funcional, pero no es una tienda real: aquí no se vende nada, ningún pedido se procesa y nunca se cobra un pago."
"This step comes online in the next milestone.","Este paso entra en funcionamiento en el próximo hito."
"Title","Título"
"To","Para"
"To comply with the e-Privacy directive, we need your consent to set cookies.","Para cumplir con la directiva de privacidad electrónica, necesitamos tu consentimiento para establecer cookies."
"To purchase these items: Return to the","Para comprar estos artículos: vuelve al"
"To see the payment methods, complete:","Para ver los métodos de pago, completa:"
"Total","Total"
"Totals","Totales"
"Track history","Historial de seguimiento"
"Track:","Seguimiento:"
"Tracking Information","Información de seguimiento"
"Tracking Number","Número de seguimiento"
"Tracking Number(s):","Número(s) de seguimiento:"
"Tracking Number:","Número de seguimiento:"
"Tracking information is currently not available. Please ","Por ahora no hay información de seguimiento disponible. "
"Two layers, clean inheritance","Dos capas, herencia limpia"
"Update Qty & Addresses","Actualizar cantidades y direcciones"
"Update bag","Actualizar la bolsa"
"Use a new address","Usar una dirección nueva"
"Use as my default billing address","Usar como mi dirección de facturación predeterminada"
"Use as my default shipping address","Usar como mi dirección de envío predeterminada"
"Via","Vía"
"View","Ver"
"View All","Ver todo"
"View Options","Ver las opciones"
"View Order","Ver el pedido"
"View Product","Ver el producto"
"View bag","Ver la bolsa"
"View on GitHub","Ver en GitHub"
"Vite · TailwindCSS · Vue · Twig","Vite · TailwindCSS · Vue · Twig"
"We can't find any items matching these search criteria.","No encontramos artículos que coincidan con estos criterios de búsqueda."
"We can’t find products matching the selection.","No encontramos productos que coincidan con la selección."
"We could not sign you in. Check your details and try again.","No pudimos iniciar tu sesión. Revisa tus datos e inténtalo de nuevo."
"We found other products you might like!","¡Encontramos otros productos que podrían gustarte!"
"We use cookies to make your experience better.","Usamos cookies para mejorar tu experiencia."
"We will email you an order confirmation with the details.","Te enviaremos por correo una confirmación del pedido con los detalles."
"What the demo does not do","Lo que la demo no hace"
"What the demo stores","Lo que la demo guarda"
"What you wrote","Lo que escribiste"
"What’s New","Novedades"
"What’s on your mind?","¿Qué tienes en mente?"
"When you place an order it will show up here, with its status and everything you bought.","Cuando realices un pedido aparecerá aquí, con su estado y todo lo que compraste."
"Where this runs","Dónde se ejecuta"
"Wish List","Lista de deseos"
"Wish List is empty now.","La lista de deseos está vacía."
"Write a review","Escribir una opinión"
"Year","Año"
"You are connected as %1 on %2","Estás conectado como %1 en %2"
"You are logged in","Tu sesión está iniciada"
"You are signed out","Cerraste sesión"
"You can clear them from your browser at any time. Doing so signs you out and empties the cart, and nothing else is lost.","Puedes borrarlas de tu navegador cuando quieras. Al hacerlo se cierra tu sesión y se vacía el carrito, y no se pierde nada más."
"You have no default billing address in your address book.","No tienes una dirección de facturación predeterminada en tu libreta de direcciones."
"You have no default shipping address in your address book.","No tienes una dirección de envío predeterminada en tu libreta de direcciones."
"You have no other address entries in your address book.","No tienes otras direcciones en tu libreta de direcciones."
"You have placed no orders","No has realizado pedidos"
"You have signed out of your account.","Cerraste la sesión de tu cuenta."
"You may also like","También te puede gustar"
"You stay signed out until you use it","Sigues con la sesión cerrada hasta que lo uses"
"You'll receive a confirmation email with order numbers, tracking information and more details.","Recibirás un correo de confirmación con los números de pedido, la información de seguimiento y más detalles."
"You're currently reading page","Estás leyendo la página"
"Your bag","Tu bolsa"
"Your bag is empty","Tu bolsa está vacía"
"Your bag is empty.","Tu bolsa está vacía."
"Your cart — the products you add, until the session expires or the demo data is reset.","Tu carrito: los productos que agregas, hasta que la sesión caduque o se reinicien los datos de la demo."
"Your cookie choice — if you accept the cookie banner, a cookie records that so the banner stops asking.","Tu elección sobre las cookies: si aceptas el aviso, una cookie lo registra para que el aviso deje de preguntar."
"Your name is what we put on orders; the email and password are how you get in.","Tu nombre es lo que ponemos en los pedidos; el correo y la contraseña son la forma de entrar."
"Your order could not be placed. No charge was completed; please try again or use a different payment method.","No se pudo realizar tu pedido. No se completó ningún cobro; inténtalo de nuevo o usa otro método de pago."
"Your order number is","Tu número de pedido es"
"Your orders and addresses stay put","Tus pedidos y direcciones se quedan en su sitio"
"Your orders and their documents in one place","Tus pedidos y sus documentos en un solo lugar"
"Your rating","Tu valoración"
"Your search returned no results.","Tu búsqueda no arrojó resultados."
"Your selection","Tu selección"
"ZIP / Postal code","Código postal"
"ZIP Code","Código postal"
"Zip/Postal Code","Código postal"
"completed","completado"
"contact us","contáctanos"
"current step","paso actual"
"email us at ","escríbenos a "
"in your bag","en tu bolsa"
"in your compare list","en tu lista de comparación"
"in your wish list","en tu lista de deseos"
"items","artículos"
"optional","opcional"
"per page","por página"
"resolve any errors, and place a new order.","resuelve los errores y realiza un pedido nuevo."
"section below","sección de abajo"
"{count} items","{count} artículos"
"{count} shipping options available.","{count} opciones de envío disponibles."
